average,year
5.13063763608087,2017
4.77839335180055,2018
4.87828947368421,2019
